mutants,adhesion_log2_ratio,aggregation_log2_ratio,piliation_log2_ratio
F1L,0.64,-1.452,-0.6779999999999999
F1V,-1.217,-3.918,1.2990000000000002
F1I,0.099,-2.248,-3.5980000000000003
F1C,,,
F1S,-0.7170000000000001,-0.147,-0.127
F1Y,0.674,-1.874,-2.373
T2A,-0.075,0.175,0.7859999999999999
T2N,0.924,1.247,1.111
T2I,-0.1369999999999999,-0.173,1.149
T2S,-0.971,-0.102,0.217
T2P,-1.189,3.765,-0.107
L3P,0.727,0.399,1.063
L3V,0.19,0.7809999999999999,-2.661
L3H,2.375,0.272,1.336
L3I,0.609,1.15,1.394
L3F,-2.235,-0.8540000000000001,-1.086
L3R,-1.539,-4.517,-8.297
I4F,-0.552,-1.707,-1.145
I4M,-0.142,2.003,-2.834
I4L,2.374,-2.577,2.1180000000000003
I4S,,,
I4N,2.946,0.838,3.554
I4V,1.027,0.002,1.646
I4T,0.191,-0.393,-0.215
E5D,2.585,-1.147,0.486
E5A,-1.895,1.4340000000000002,2.542
E5Q,-0.026,-1.651,0.315
E5*,0.616,0.477,1.82
E5K,-1.235,-1.179,-1.164
E5G,-0.133,0.199,0.104
E5V,-1.172,-0.027,-1.269
L6Q,0.688,0.081,-0.957
L6M,1.445,0.07,0.71
L6P,0.685,0.993,1.4380000000000002
L6V,-0.851,-0.564,-2.78
L6R,-0.21,0.281,-3.455
M7R,3.267,-0.04,0.605
M7I,2.339,-0.35,1.335
M7L,-0.976,-0.8390000000000001,-1.999
M7K,0.303,0.721,0.715
M7T,1.412,0.306,0.911
M7V,0.286,-0.342,0.008
I8V,-0.736,-0.939,-0.402
I8F,0.3,-0.462,-0.337
I8S,-0.53,-3.859,-3.135
I8M,1.622,-1.999,2.83
I8N,0.13,0.012,-0.531
I8T,-0.048,0.341,0.4679999999999999
V9A,0.023,0.1689999999999999,0.4539999999999999
V9M,0.142,-0.293,2.511
V9L,0.138,-0.141,1.369
V9E,-1.798,-3.179,-2.597
V9G,0.262,-0.204,1.7519999999999998
I10N,-0.04,0.205,0.052
I10V,-0.324,0.209,-0.752
I10L,-2.672,-2.809,0.795
I10F,-1.37,-1.547,-0.552
I10M,0.365,0.244,-1.431
I10T,0.617,1.283,0.955
A11P,1.005,0.687,-0.1169999999999999
A11S,1.082,-1.742,0.503
A11V,-0.433,-0.104,0.943
A11T,-0.425,0.423,0.12
A11G,1.956,0.7040000000000001,1.7919999999999998
A11D,1.857,2.13,1.9
I12T,0.743,-0.081,0.4589999999999999
I12M,0.335,-0.474,0.612
I12V,0.112,-0.463,0.113
I12F,0.921,-0.071,1.268
I12N,-0.092,0.1689999999999999,0.098
I12L,-2.049,-2.206,-1.6469999999999998
V13D,-1.052,-1.248,-1.048
V13G,,,
V13I,2.149,-0.7190000000000001,0.198
V13A,-1.306,-0.909,-0.816
V13F,2.069,-0.465,-0.742
V13L,-1.477,-2.962,-1.625
G14A,-0.24,-0.438,-0.436
G14R,0.721,0.831,3.1060000000000003
G14V,-0.968,-1.4469999999999998,-1.768
G14C,2.1180000000000003,0.423,0.153
G14S,-0.43,-0.448,0.044
G14D,0.129,-0.466,0.5579999999999999
I15N,0.411,1.2009999999999998,0.938
I15F,0.484,-2.037,0.639
I15S,-0.283,-1.715,-5.097
I15T,0.632,0.029,0.426
I15V,0.83,1.178,1.944
I15M,,,
L16S,0.386,0.1669999999999999,0.8270000000000001
L16V,-0.718,-0.345,-0.698
L16W,-0.157,0.268,1.177
L16F,-0.208,-0.61,0.8420000000000001
L16*,-4.919,-1.3969999999999998,-4.563
L16M,0.653,-0.055,-0.3389999999999999
A17G,-0.109,0.519,0.8059999999999999
A17P,-1.624,-2.484,0.141
A17S,2.799,1.471,2.361
A17T,-0.531,-0.7829999999999999,-1.716
A17V,-0.207,0.214,0.581
A17E,-1.034,-0.612,-0.411
A18T,-0.033,-0.142,0.066
A18V,1.297,1.818,1.538
A18E,1.44,1.32,0.93
A18G,-0.517,0.029,-0.255
A18P,0.435,-0.885,1.289
A18S,0.491,0.434,0.855
V19I,1.145,-1.668,-0.3929999999999999
V19A,0.072,0.464,-0.204
V19G,,,
V19D,0.228,0.489,0.282
V19F,0.847,0.675,0.425
V19L,0.882,0.152,0.677
A20P,0.454,-0.244,1.777
A20S,0.674,0.6920000000000001,0.223
A20T,-0.363,-0.515,0.4639999999999999
A20D,0.178,0.606,0.519
A20V,1.746,-0.81,1.864
A20G,-1.332,-2.205,-1.847
L21F,1.518,1.156,0.86
L21P,0.44,0.214,-2.926
L21I,-0.532,-1.47,-0.303
L21R,-3.455,-0.772,0.524
L21H,1.339,-1.368,0.785
L21V,1.003,1.247,2.987
P22L,0.528,0.537,0.636
P22S,-0.067,0.261,0.136
P22A,-1.88,0.222,-1.523
P22T,-3.18,-2.518,-2.886
P22H,-0.055,-1.915,-0.369
P22R,0.508,1.038,-0.145
A23G,-0.485,0.443,-1.486
A23T,1.372,1.195,1.071
A23V,0.033,-0.983,-0.5920000000000001
A23S,1.084,1.175,0.826
A23P,-0.036,0.413,1.277
A23D,1.337,1.84,1.5590000000000002
Y24N,-2.131,-1.797,-2.464
Y24D,-0.531,-2.602,1.55
Y24C,-0.232,-1.425,-0.782
Y24H,-0.388,-0.052,0.054
Y24F,1.123,1.341,1.1909999999999998
Y24S,-1.124,-3.154,-3.094
Y24*,-1.409,0.667,-0.945
Q25*,-0.207,-0.44,-0.003
Q25R,0.23,0.5670000000000001,0.846
Q25L,-2.515,-1.909,-1.696
Q25H,-0.511,0.146,-0.19
Q25K,0.43,1.4169999999999998,2.319
Q25P,2.248,0.272,0.3779999999999999
Q25E,0.376,1.732,3.794
D26V,-0.5589999999999999,-0.185,0.35
D26Y,2.755,-0.7809999999999999,1.171
D26H,1.812,0.236,2.01
D26G,-1.771,-1.405,-1.016
D26E,0.669,0.116,0.289
D26N,0.076,0.239,1.039
D26A,,,
Y27F,0.42,-1.014,1.063
Y27S,-4.178,-4.1080000000000005,0.109
Y27*,-0.132,0.219,0.25
Y27D,3.195,3.32,-0.155
Y27C,0.54,0.157,0.69
Y27H,0.382,0.421,0.912
Y27N,-0.706,-0.743,-0.853
T28P,0.319,-3.749,-2.445
T28K,-1.208,-0.638,-0.7490000000000001
T28I,1.861,6.5520000000000005,1.2990000000000002
T28S,1.367,0.338,0.516
T28A,0.943,0.941,1.058
T28R,0.319,1.233,0.006
A29V,1.065,0.468,-0.539
A29T,-1.61,-1.379,-1.6130000000000002
A29S,-0.402,0.095,-0.131
A29D,0.989,1.84,1.15
A29G,-0.489,0.6890000000000001,-0.596
A29P,-0.974,-2.627,-0.271
R30C,-0.109,0.295,0.192
R30H,-0.086,0.033,0.241
R30P,0.415,1.051,0.141
R30L,1.638,1.643,1.18
R30S,-1.086,0.578,-1.194
A31P,1.4980000000000002,0.998,1.476
A31V,2.776,1.662,1.578
A31T,0.624,0.094,1.0490000000000002
A31G,0.301,0.98,1.717
A31S,0.407,0.301,-0.283
A31E,-0.345,-1.406,-2.048
Q32P,,,
Q32E,-2.181,-2.357,-2.234
Q32K,3.184,4.11,5.07
Q32L,-0.105,-0.575,-2.982
Q32*,-1.003,-1.336,-2.245
Q32R,-0.125,0.638,0.7959999999999999
Q32H,-0.728,-0.55,-1.19
V33A,-1.123,-0.96,-1.534
V33L,-4.728,2.128,-6.381
V33I,-1.765,-1.116,-2.05
V33D,-0.434,0.076,-0.015
V33F,-0.581,-1.32,1.118
V33G,-2.136,-2.06,-1.232
S34Y,6.846,-0.219,0.787
S34F,0.032,-0.768,0.613
S34C,0.453,-4.178,0.715
S34A,2.455,0.002,-0.02
S34T,0.723,0.093,2.614
S34P,-1.004,-0.648,-0.439
E35A,-2.028,-2.365,-0.2319999999999999
E35*,0.118,-0.07,0.022
E35V,0.8109999999999999,0.574,1.195
E35Q,-0.946,-0.487,-1.022
E35K,0.198,0.7559999999999999,0.349
E35D,-1.008,-2.226,0.8190000000000001
E35G,0.055,0.24,0.341
A36S,-2.793,-3.208,-3.179
A36T,-0.947,-0.551,0.02
A36V,-0.7509999999999999,-0.433,-0.7859999999999999
A36G,0.525,-0.392,0.213
A36P,-0.277,-0.101,-0.598
A36D,-0.8540000000000001,1.351,1.381
I37T,0.312,0.433,0.909
I37M,1.756,-3.033,4.769
I37S,,,
I37L,-0.104,0.348,-1.527
I37F,0.283,-0.147,2.088
I37V,-0.426,0.177,-0.228
I37N,-0.018,0.071,-0.076
L38P,0.045,0.211,0.669
L38H,-0.128,-1.59,-0.449
L38F,1.851,0.616,2.123
L38I,0.955,-0.569,-0.845
L38V,-3.33,-0.037,1.055
L38R,-0.303,0.899,0.546
L39S,-0.732,-0.471,-1.165
L39W,-3.031,-3.295,-3.651
L39V,,,
L39F,0.122,0.095,1.167
L39M,2.31,-1.659,0.449
L39*,-2.104,-0.862,-1.717
A40P,-3.192,-4.688,-2.006
A40V,-1.288,-1.3030000000000002,-1.33
A40G,0.065,0.8690000000000001,-0.621
A40S,1.733,0.847,1.133
A40T,-0.654,-0.135,0.363
A40D,0.989,0.94,1.4469999999999998
E41Q,0.0,-1.163,-1.891
E41G,-0.6829999999999999,-0.121,0.2289999999999999
E41K,0.61,0.47,0.631
E41V,-0.446,-0.487,-1.215
E41A,-2.793,-2.804,-2.83
E41*,-2.733,-1.914,-3.86
E41D,2.013,2.364,0.596
G42V,1.211,1.383,0.985
G42S,0.875,1.114,1.457
G42C,-1.179,-2.0780000000000003,-1.837
G42R,1.102,-1.308,0.978
G42A,-4.158,-2.725,-2.501
G42D,-0.991,-0.545,-0.655
Q43*,-2.27,-0.989,-2.508
Q43H,1.017,0.988,0.312
Q43R,1.024,0.226,-0.247
Q43E,1.846,1.768,1.31
Q43P,0.114,-1.528,0.4320000000000001
Q43L,-0.908,-1.3119999999999998,0.12
Q43K,-0.377,0.967,0.1
K44Q,0.903,1.891,1.699
K44E,-1.229,0.069,-1.121
K44N,-2.232,-0.395,-1.89
K44I,-1.007,-1.204,-0.961
K44R,0.448,0.268,-0.098
K44*,-2.605,-2.1830000000000003,-4.005
K44T,-1.185,0.966,-1.1
S45*,-2.113,-1.354,-0.895
S45P,-0.233,0.472,0.375
S45T,-1.3530000000000002,-1.104,-0.957
S45L,1.978,-0.015,0.59
A46T,-0.262,-0.098,0.351
A46S,-2.468,-1.907,-1.85
A46P,0.458,0.26,0.136
A46V,-0.274,0.468,1.329
A46G,0.8140000000000001,0.987,1.258
A46D,1.218,1.939,1.141
V47L,-1.537,2.988,-3.143
V47I,0.967,1.067,0.5920000000000001
V47F,-0.292,-0.708,-1.26
V47D,-0.642,-0.75,-0.863
V47A,-1.56,-0.141,-0.695
V47G,-6.3320000000000025,-2.04,-4.997
T48A,-0.077,0.544,0.083
T48R,-3.639,-0.873,-1.383
T48P,-0.392,1.069,0.522
T48K,1.236,1.073,1.03
T48I,0.585,0.462,0.324
T48S,2.274,0.144,1.093
E49G,0.175,-0.59,-0.593
E49A,-1.795,0.379,0.794
E49*,-2.564,-0.359,-2.19
E49K,-0.151,0.598,0.696
E49Q,-0.464,1.85,-0.046
E49D,-0.327,-0.889,0.209
E49V,-0.313,-0.8540000000000001,-0.14
Y50C,-1.237,-0.931,-2.64
Y50S,-0.8909999999999999,-0.324,0.3229999999999999
Y50N,-1.584,-1.216,-1.064
Y50*,-3.142,-2.392,-3.709
Y50D,,,
Y50H,0.097,0.381,0.7040000000000001
Y51F,1.136,0.6659999999999999,1.185
Y51S,0.444,0.426,0.5920000000000001
Y51*,-0.071,0.532,0.346
Y51C,-0.264,-0.258,0.826
Y51H,0.062,-0.784,-0.341
Y51N,2.033,1.454,2.665
L52R,0.16,-1.384,-0.457
L52Q,0.268,0.507,-0.276
L52V,0.03,-2.36,-2.969
L52M,-1.9,-1.306,-0.809
L52P,-1.507,-1.885,-2.311
N53D,0.42,-0.82,0.809
N53I,1.103,0.108,-1.463
N53T,0.7390000000000001,1.391,-0.45
N53S,-0.047,-2.132,-2.483
N53Y,0.638,0.8490000000000001,-0.583
N53K,-1.861,-0.94,-1.7009999999999998
H54L,0.067,-0.599,0.23
H54Q,-0.63,0.805,-1.786
H54Y,-0.104,5.613,-0.216
H54N,1.006,-0.357,-0.351
H54R,-0.114,-0.017,0.45
H54P,0.466,0.471,-1.092
H54D,-2.847,-1.699,-0.872
G55A,2.188,2.064,2.844
G55D,-0.455,0.198,0.557
G55V,0.917,0.867,0.838
G55R,1.252,2.025,2.367
G55S,-0.662,-0.419,-0.15
G55C,-1.963,-1.416,-1.802
E56D,0.216,1.037,0.223
E56Q,-1.426,-1.873,-0.073
E56G,-0.878,-0.254,0.193
E56K,-0.038,-0.7559999999999999,-0.303
E56A,3.472,3.891,3.576
E56V,-1.906,-1.773,-0.727
E56*,-2.514,-1.694,-0.889
W57G,-2.987,-2.861,-0.337
W57C,-0.171,-0.237,0.124
W57L,-0.482,-0.501,-0.346
W57S,3.099,2.3680000000000003,6.211
W57R,-1.571,-0.916,-0.931
W57*,-1.078,-0.754,-0.569
P58H,0.189,0.552,0.312
P58R,-0.905,0.932,0.953
P58A,-0.915,-0.804,-0.389
P58L,0.342,-0.325,1.082
P58S,-0.181,0.066,1.097
P58T,1.413,1.7719999999999998,1.463
G59D,0.044,-0.431,0.434
G59C,0.053,0.28,-0.5
G59A,-3.785,-1.758,-3.573
G59V,0.823,1.104,2.305
G59S,0.296,0.851,-0.233
G59R,-0.664,-3.652,-2.89
D60A,0.417,0.848,0.168
D60E,0.6609999999999999,1.374,0.295
D60G,-0.477,-0.454,-0.831
D60Y,-1.18,-1.091,-2.099
D60V,-1.006,-1.099,-1.215
D60N,0.451,-0.384,0.115
D60H,-0.424,1.264,1.202
N61D,0.8079999999999999,-0.355,0.173
N61H,-0.355,0.15,-0.928
N61I,-0.485,-0.08,-0.6509999999999999
N61K,-0.127,-0.128,-0.939
N61T,-0.5660000000000001,0.382,-0.535
N61Y,0.413,-1.554,0.757
N61S,0.81,0.275,1.118
S62I,2.012,0.168,1.959
S62R,0.69,0.7509999999999999,-0.252
S62T,1.162,-0.294,0.78
S62N,0.1669999999999999,0.7340000000000001,1.641
S62C,-2.81,-0.995,-0.283
S62G,0.564,0.085,-0.022
S63Y,2.729,1.204,0.7020000000000001
S63T,0.7659999999999999,1.17,2.21
S63P,0.409,0.229,0.962
S63F,0.384,0.017,0.98
S63C,-4.683,-2.234,0.256
A64D,0.111,0.64,0.715
A64G,0.579,3.488,2.511
A64V,0.147,-0.061,0.916
A64S,1.091,1.091,0.784
A64T,-0.481,-0.084,0.07
A64P,1.4069999999999998,0.93,2.889
G65V,0.687,0.301,1.6909999999999998
G65S,0.47,1.877,0.503
G65R,-4.448,-3.829,-2.794
G65D,-0.32,1.109,0.419
G65C,0.134,0.457,0.6459999999999999
G65A,1.093,1.664,-3.942
V66M,-0.682,-1.597,-1.882
V66L,-0.003,-0.755,-0.076
V66G,-3.422,-0.911,-3.542
V66E,-3.132,-1.912,-4.356
V66A,-0.6,-0.937,-1.506
A67T,0.547,-0.153,1.265
A67P,0.145,-2.193,-1.278
A67G,1.128,1.7280000000000002,-5.21
A67S,2.496,1.332,4.125
A67V,-0.708,-0.7909999999999999,-0.37
A67E,-0.183,-0.248,-0.72
T68A,-0.604,-0.174,-0.455
T68N,-1.038,-0.491,-2.152
T68I,1.513,-1.936,0.16
T68S,0.654,0.74,0.0559999999999999
T68P,-0.083,0.7240000000000001,-0.3939999999999999
S69A,-1.556,-0.635,-1.163
S69C,-2.427,-2.191,-1.108
S69Y,1.107,0.8,1.791
S69P,0.127,0.564,0.3329999999999999
S69T,0.7809999999999999,1.244,1.4480000000000002
S69F,0.908,1.431,0.093
A70V,0.7609999999999999,-0.506,0.6679999999999999
A70T,2.428,0.262,0.884
A70P,-0.109,-0.695,-0.409
A70G,2.92,-0.069,3.239
A70S,-0.85,-0.946,-1.261
A70D,1.325,0.703,0.011
D71V,-2.044,-1.6569999999999998,-1.408
D71N,0.588,-0.55,-0.113
D71E,0.1689999999999999,1.508,0.616
D71G,-0.8440000000000001,-1.018,-0.977
D71H,4.173,3.012,2.858
D71Y,0.166,-0.718,-0.916
D71A,1.1,0.8909999999999999,-0.076
I72L,-1.3330000000000002,-1.608,0.157
I72M,-2.003,-3.017,-2.279
I72F,-0.268,-0.128,-0.15
I72V,0.059,0.883,0.657
I72T,-1.047,-0.8079999999999999,-2.11
I72N,0.7659999999999999,1.564,1.307
I72S,-0.077,0.199,0.785
K73E,-0.131,-0.8590000000000001,-0.4589999999999999
K73T,-1.062,-1.855,0.449
K73I,-0.092,0.573,-0.736
K73Q,0.88,1.0759999999999998,0.945
K73R,1.114,0.13,2.293
K73*,-1.671,-0.944,-2.049
K73N,-0.307,-0.889,-0.136
G74A,-0.6890000000000001,-0.7909999999999999,-0.074
G74R,-0.69,0.086,-1.6569999999999998
G74D,-2.127,-0.254,-1.929
G74C,0.792,0.772,0.6559999999999999
G74S,-0.735,-0.55,-0.055
G74V,-0.726,-0.471,-0.312
K75T,-4.26,-4.35,-4.046
K75I,0.735,-0.098,0.7979999999999999
K75N,-1.21,1.193,0.648
K75*,-4.55,-2.6460000000000004,-3.599
K75Q,-0.747,0.407,-2.218
K75R,2.074,-0.316,0.667
K75E,-0.892,0.913,-0.992
Y76D,0.311,0.223,3.455
Y76C,2.587,-0.127,-0.055
Y76H,1.015,0.158,-0.1639999999999999
Y76F,-0.091,-0.465,0.161
Y76S,-2.154,2.365,0.54
Y76*,-1.304,-0.951,-1.281
Y76N,0.408,0.084,-0.123
V77A,-0.103,-0.079,-0.009
V77D,-0.381,-0.237,-0.015
V77L,-1.831,-1.052,0.358
V77I,-0.134,-0.45,-0.341
V77F,1.547,1.951,1.134
V77G,1.483,2.455,1.484
Q78R,-0.096,2.943,-0.3379999999999999
Q78E,0.848,-0.083,1.262
Q78H,0.162,0.224,0.3329999999999999
Q78*,-0.74,-0.675,-0.313
Q78L,-0.83,-1.408,-1.121
Q78K,0.181,0.589,0.4479999999999999
Q78P,,,
S79G,0.657,1.13,1.22
S79I,1.344,0.076,1.035
S79T,0.784,-1.569,-0.637
S79C,0.31,-1.789,-0.887
S79N,1.903,0.983,1.366
S79R,-1.866,-0.7709999999999999,-1.393
V80I,-0.945,-0.124,-0.182
V80D,-3.3480000000000003,-2.874,-1.7919999999999998
V80A,-1.198,-0.491,-0.231
V80F,1.154,1.911,1.104
V80L,0.074,-0.147,0.3720000000000001
V80G,0.992,1.404,1.754
T81R,0.942,0.753,3.969
T81S,0.64,-0.415,1.042
T81A,1.27,0.747,0.076
T81K,-1.036,-0.074,-0.148
T81I,1.26,0.065,0.731
T81P,-1.064,-0.968,0.004
V82L,0.5660000000000001,-0.065,-1.0759999999999998
V82A,-2.382,-2.843,-1.88
V82I,0.052,0.123,0.4039999999999999
V82G,-4.293,-5.331,-3.945
V82D,-1.7719999999999998,-0.156,-1.021
V82F,-0.848,-0.46,-1.7080000000000002
A83G,1.625,1.71,1.124
A83E,-0.133,0.6609999999999999,-0.001
A83P,-1.819,-1.394,0.051
A83T,-0.4970000000000001,-0.242,0.6809999999999999
A83S,1.948,1.4269999999999998,0.38
A83V,1.494,0.219,1.411
N84H,0.223,1.075,-2.114
N84I,-0.003,0.397,0.49
N84K,-1.121,-1.924,-1.439
N84D,-0.919,-0.628,0.65
N84T,0.172,0.767,0.319
N84Y,0.984,-0.119,-0.899
N84S,0.88,0.052,1.5319999999999998
G85D,-1.324,0.012,-0.3229999999999999
G85R,4.678,4.549,2.757
G85C,0.2,0.268,-0.312
G85V,1.5830000000000002,0.591,0.622
G85A,-0.509,-1.022,2.783
G85S,-0.461,-0.419,-0.547
V86A,-0.516,-0.991,-0.69
V86D,-3.797,-1.974,-1.89
V86G,0.069,0.045,1.854
V86I,0.912,1.347,1.589
V86F,2.352,2.68,2.786
V86L,1.139,-0.35,2.3480000000000003
I87F,0.03,1.083,-0.023
I87L,2.435,2.255,0.746
I87N,-2.158,-0.731,-1.737
I87T,-3.084,-2.469,-2.809
I87V,0.478,0.143,-0.669
I87S,-0.1639999999999999,-1.711,0.298
I87M,-4.332,-4.333,-0.416
T88A,0.179,0.277,0.627
T88N,1.145,1.578,0.879
T88S,-0.5660000000000001,-1.151,0.078
T88I,0.114,-0.096,1.1
A89G,2.865,-0.421,-0.358
A89P,2.037,1.928,2.411
A89D,-0.391,0.514,-0.16
A89S,2.708,1.0490000000000002,2.297
A89T,0.249,0.046,0.366
A89V,-0.518,-1.081,-0.327
Q90E,0.391,-0.626,1.656
Q90K,0.093,0.943,1.479
Q90H,1.011,0.185,0.616
Q90L,0.187,-1.869,-1.952
Q90*,-2.714,-2.177,-3.034
Q90R,-0.4370000000000001,-1.133,0.6829999999999999
Q90P,1.911,2.434,1.995
M91R,0.075,-0.102,-0.025
M91I,0.747,0.454,0.13
M91L,-0.215,-1.887,-0.223
M91K,-1.002,-1.493,-1.15
M91T,-1.821,-1.346,-0.768
M91V,-0.505,-0.34,-0.3
A92D,5.057,0.8140000000000001,0.812
A92G,-1.007,1.061,0.529
A92P,-0.635,1.19,-0.29
A92T,0.055,-0.075,0.03
A92V,0.569,2.285,0.0409999999999999
A92S,2.23,-0.93,2.356
S93A,-1.68,0.196,3.007
S93T,1.07,1.403,2.131
S93*,0.143,-0.466,0.326
S93P,0.275,0.064,-0.84
S93L,0.207,-0.534,-0.259
S94T,0.5329999999999999,0.465,-0.211
S94C,-3.765,-1.489,-2.358
S94N,0.7909999999999999,0.981,0.7390000000000001
S94G,-0.108,0.915,-0.03
S94I,-1.113,-0.017,-0.669
S94R,0.149,0.913,0.966
N95H,,,
N95I,0.8690000000000001,3.104,-1.503
N95D,2.178,0.466,0.469
N95S,0.594,0.176,-0.01
N95Y,-0.615,-1.334,-0.907
N95K,-0.006,-0.331,0.662
V96I,0.478,-0.6629999999999999,0.089
V96L,0.725,-0.077,1.713
V96A,0.163,0.343,0.882
V96E,0.111,0.326,-0.236
V96G,0.067,-1.848,0.872
N97H,-0.06,0.017,3.921
N97Y,0.402,-0.197,-1.719
N97D,0.01,1.158,-0.166
N97I,-2.021,0.03,-2.229
N97T,0.221,1.107,0.038
N97K,-0.446,-1.131,-1.452
N97S,-1.571,-0.818,-1.113
N98K,0.4320000000000001,1.839,1.567
N98I,-0.055,-1.295,-0.469
N98Y,-1.161,-1.021,-1.774
N98H,-0.948,4.348,1.0
N98D,0.177,1.538,0.59
N98S,-0.514,0.056,-0.045
E99G,-0.958,-1.517,-0.763
E99V,1.535,0.1669999999999999,-0.5660000000000001
E99*,-2.823,-1.618,-2.905
E99A,0.586,-0.233,-6.7
E99D,-2.084,-2.468,-4.523
E99Q,0.168,0.322,-2.8760000000000003
E99K,-0.408,-1.074,-1.3219999999999998
I100M,-0.12,0.208,2.908
I100F,0.368,0.948,0.156
I100N,-0.792,-0.316,0.024
I100T,-0.215,-0.147,0.013
I100V,1.403,1.469,-0.074
I100S,0.4970000000000001,-1.115,1.233
K101R,2.138,0.585,1.509
K101*,-1.177,-0.959,-1.33
K101N,0.7809999999999999,1.156,-0.213
K101Q,-1.413,-0.8220000000000001,-0.103
K101E,0.08,1.885,-0.238
K101I,-0.127,1.535,-0.623
K101T,-0.463,-0.373,-1.4069999999999998
S102I,0.379,1.327,0.79
S102G,-0.024,-0.967,0.882
S102R,-0.638,0.853,-0.348
S102N,-0.17,0.446,-0.738
S102C,-2.709,-4.205,-2.7060000000000004
K103T,,,
K103I,-0.931,-0.278,-0.828
K103*,1.38,0.917,-1.669
K103R,-0.6659999999999999,-0.0819999999999999,0.772
K103N,-2.185,-1.039,-0.7040000000000001
K103Q,-0.536,-2.639,1.869
K103E,0.505,0.764,0.8540000000000001
K104Q,-0.644,0.382,-1.921
K104*,-1.204,-0.667,-2.782
K104I,-0.423,-0.753,0.767
K104R,0.178,0.812,-0.067
K104N,0.898,0.489,0.889
K104T,-1.987,-0.184,-3.565
K104E,-0.919,-1.053,-1.5490000000000002
L105I,-0.317,-2.261,-3.167
L105V,-1.5730000000000002,0.441,-3.312
L105F,0.562,1.013,0.823
L105H,-0.469,0.7859999999999999,-0.611
L105R,0.172,-1.338,1.388
L105P,-0.098,0.029,-0.061
S106A,0.178,-1.137,0.769
S106C,-0.7390000000000001,-1.186,-0.93
S106F,0.698,0.967,0.8959999999999999
S106T,-1.835,-0.484,-1.694
S106Y,0.591,1.419,0.78
L107V,-0.147,2.616,-1.611
L107P,0.079,0.327,0.733
L107Q,-0.334,-0.197,-0.237
L107R,0.436,-0.8290000000000001,0.889
L107M,1.014,-0.176,-0.947
W108R,-2.114,-0.863,-1.932
W108C,-1.7719999999999998,-1.037,-1.911
W108G,0.048,-1.834,0.986
W108L,-3.431,-1.633,-2.955
W108S,-4.649,-0.992,-4.537
W108*,-3.773,-1.979,-2.9360000000000004
A109D,0.052,-0.327,0.727
A109V,-0.272,0.255,0.22
A109G,1.104,-0.547,2.654
A109S,1.699,2.182,1.334
A109P,0.557,0.121,1.021
A109T,-0.193,-0.047,1.2
K110M,-0.862,-0.162,-0.948
K110*,-2.81,-1.5,-3.063
K110N,0.965,1.3119999999999998,0.866
K110E,-0.013,0.664,0.419
K110T,-4.591,-4.518,-1.43
K110R,0.805,-0.899,-0.045
K110Q,1.763,1.725,-1.995
R111C,-1.631,-1.682,-1.114
R111G,0.315,2.36,2.248
R111H,1.296,0.269,-0.311
R111S,-1.425,-0.889,-0.7340000000000001
R111L,0.555,-2.145,0.066
R111P,-0.022,5.671,1.716
Q112H,2.144,0.8320000000000001,1.5659999999999998
Q112*,-1.173,-1.185,-2.806
Q112P,,,
Q112E,2.387,1.06,1.829
Q112L,0.491,0.352,1.585
Q112K,-0.398,0.085,1.546
Q112R,0.249,-0.345,1.28
N113S,0.787,0.634,0.0289999999999999
N113I,0.61,0.238,-0.215
N113H,1.284,-0.442,-5.931
N113K,0.329,-0.065,-0.284
N113Y,0.005,-1.7819999999999998,-0.5479999999999999
N113T,1.471,-0.04,-1.346
N113D,0.7290000000000001,0.486,0.946
G114S,-2.119,-0.721,-1.442
G114C,-2.01,-1.091,-1.713
G114D,-0.6990000000000001,-0.821,-1.746
G114R,-0.86,-1.005,0.5670000000000001
G114V,0.441,0.727,0.91
G114A,-1.203,-3.159,0.414
S115T,0.033,0.386,0.175
S115W,-4.463,-0.242,1.628
S115P,-0.779,-1.7519999999999998,-2.556
S115*,-1.277,-0.482,-0.716
S115A,2.13,-1.268,0.048
S115L,0.903,0.05,0.1369999999999999
V116D,-0.26,0.274,-0.3720000000000001
V116G,-3.426,-1.3030000000000002,-0.779
V116I,1.416,-0.369,1.663
V116L,0.268,0.487,0.384
V116F,1.961,1.47,1.274
V116A,-0.199,0.68,0.6829999999999999
K117Q,-2.757,-0.26,0.235
K117*,-1.621,-1.3530000000000002,-4.144
K117R,-0.448,-0.614,-0.027
K117T,,,
K117E,-0.291,0.162,0.585
K117I,-0.362,0.62,-1.168
K117N,-0.055,-0.224,-1.261
W118S,-0.284,-0.954,0.713
W118L,1.42,1.3969999999999998,1.477
W118*,-3.085,-1.525,-3.0380000000000003
W118C,2.557,2.535,2.824
W118R,-2.036,-1.604,-1.5659999999999998
W118G,0.7929999999999999,-0.28,1.06
F119I,0.245,0.664,-0.146
F119L,-0.736,-0.639,-2.5660000000000003
F119Y,1.267,0.141,1.344
F119V,0.638,-0.838,1.084
F119S,-1.7,-1.175,-1.158
F119C,-2.931,-2.974,-2.983
C120G,-1.289,-1.027,0.276
C120W,0.315,-3.954,0.92
C120Y,-0.399,-0.382,0.3
C120R,-0.96,-0.747,-0.012
C120S,-0.278,-0.012,-0.918
C120*,-0.449,0.86,-0.72
C120F,1.715,1.17,1.4980000000000002
G121E,0.246,0.598,0.8079999999999999
G121R,-0.076,0.311,0.41
G121A,0.721,0.364,-1.099
G121*,-0.223,-0.6779999999999999,-1.606
G121V,1.009,1.078,1.194
Q122H,-0.653,0.904,2.445
Q122K,0.084,0.57,1.176
Q122E,-2.418,-4.529,1.096
Q122R,-0.579,0.0,0.3989999999999999
Q122L,0.545,0.06,0.8420000000000001
Q122P,0.048,4.1080000000000005,2.344
Q122*,0.004,0.7609999999999999,0.718
P123Q,0.97,-0.269,-0.95
P123R,-5.674,-6.72,-6.64
P123L,-0.7659999999999999,-0.478,-0.524
P123T,0.87,0.201,0.312
P123S,-0.552,-0.598,0.474
P123A,-0.055,-0.5589999999999999,-3.185
V124A,-1.0659999999999998,-1.26,-0.759
V124D,0.256,0.685,-0.143
V124F,1.2009999999999998,0.984,0.986
V124I,-0.655,0.077,-0.511
V124G,2.434,-0.065,4.203
V124L,-3.487,-2.097,-4.134
T125M,0.823,0.483,0.789
T125S,-1.359,-4.595,-2.361
T125P,,,
T125R,1.6369999999999998,2.297,2.388
T125K,0.6970000000000001,0.933,-0.078
T125A,0.047,-3.008,-3.572
R126S,0.41,0.974,0.557
R126P,-0.009,0.345,0.6829999999999999
R126L,1.555,1.933,1.283
R126G,-3.912,1.291,-0.389
R126C,0.062,0.212,1.088
R126H,-0.243,0.294,0.46
T127S,0.82,0.094,1.056
T127P,0.306,-0.071,2.005
T127I,0.861,-0.994,2.052
T127N,1.506,0.959,0.3389999999999999
T127A,1.006,0.912,2.593
T128N,0.7559999999999999,1.405,1.4780000000000002
T128S,1.5830000000000002,0.6559999999999999,0.4
T128P,-1.642,-1.705,1.494
T128A,-1.097,0.219,0.358
T128I,-0.283,2.733,-0.919
A129D,-0.74,-0.142,-0.593
A129G,-0.302,0.586,0.51
A129P,1.651,3.227,1.227
A129T,0.993,1.202,1.154
A129V,1.119,1.336,0.216
A129S,1.681,1.034,3.249
T130S,-2.864,-1.936,-1.569
T130P,,,
T130I,0.941,6.093999999999999,0.01
T130N,-0.519,-0.677,-0.4379999999999999
T130A,-0.283,0.396,-0.68
A131D,-0.072,-0.944,-1.236
A131T,0.471,0.275,0.935
A131G,-3.301,0.14,-2.682
A131S,1.813,0.8759999999999999,0.695
A131P,-0.054,0.146,0.8370000000000001
A131V,0.359,-0.001,-0.406
T132S,0.972,0.531,0.872
T132I,0.357,0.163,-0.6990000000000001
T132P,-0.216,-3.746,-1.843
T132A,-0.335,-0.5670000000000001,3.193
T132N,1.4409999999999998,2.464,1.158
D133A,-0.329,0.4370000000000001,-0.429
D133N,0.7,0.589,0.893
D133E,-0.765,-0.224,-0.6709999999999999
D133Y,-0.455,-1.47,-0.594
D133H,0.545,2.349,1.715
D133V,0.616,0.218,0.4370000000000001
D133G,0.111,-1.125,0.6970000000000001
V134D,0.062,0.6679999999999999,0.223
V134F,-2.801,-4.721,-3.983
V134A,-1.147,-1.376,-0.353
V134I,0.703,0.506,0.135
V134G,0.194,-2.225,-1.5490000000000002
V134L,1.07,-0.401,1.119
A135P,-2.395,-3.048,-1.592
A135S,1.28,-0.028,-0.048
A135V,0.44,-0.46,0.257
A135G,2.549,-0.048,0.731
A135D,0.8190000000000001,0.853,0.5760000000000001
A135T,-0.619,-0.863,-0.518
A136T,0.423,0.606,-0.039
A136V,0.578,-0.417,1.405
A136S,-0.03,0.356,0.049
A136P,-0.358,2.397,2.557
A136G,0.379,-2.5580000000000003,-2.318
A136D,0.884,1.165,1.386
A137S,2.136,1.235,1.787
A137V,0.996,1.204,0.341
A137T,-0.045,0.263,1.035
A137P,2.5660000000000003,1.6840000000000002,2.672
A137D,-2.024,-1.444,-1.548
A137G,1.112,1.192,0.775
N138H,,,
N138D,0.061,0.126,-0.173
N138I,0.049,-1.4980000000000002,-2.68
N138Y,1.668,5.459,0.609
N138K,0.5710000000000001,0.95,0.918
N138S,0.357,-0.173,0.2
N138T,-0.305,1.773,-1.962
G139V,-0.456,2.9610000000000003,-1.432
G139D,0.029,0.326,0.985
G139C,-1.467,-1.166,-2.187
G139S,0.745,0.16,0.306
G139A,1.037,-0.151,3.052
G139R,0.634,0.3670000000000001,1.611
K140M,-0.094,-1.245,-1.604
K140*,-1.6780000000000002,-0.966,0.203
K140N,0.281,1.587,0.516
K140Q,,,
K140E,1.04,0.912,1.137
K140R,2.291,2.928,0.318
K140T,-3.39,-3.573,-0.265
T141P,1.789,0.1689999999999999,-2.463
T141S,1.41,0.026,0.6859999999999999
T141I,1.876,3.039,1.034
T141N,1.01,1.26,1.365
T141A,-1.643,1.257,1.015
D142V,0.597,0.733,0.5589999999999999
D142N,0.536,0.104,-0.444
D142E,-0.962,-0.969,-0.5670000000000001
D142A,1.826,-0.135,2.537
D142Y,1.132,1.222,0.267
D142H,1.4480000000000002,1.334,-0.066
D142G,-0.648,-2.741,-1.234
D143N,-0.59,-0.307,0.1889999999999999
D143E,-0.011,0.06,-0.563
D143G,-0.107,-0.008,0.345
D143V,0.091,-0.361,0.175
D143Y,-0.6890000000000001,-3.2430000000000003,-1.933
D143A,2.406,-0.04,0.5920000000000001
D143H,0.412,0.417,2.081
K144R,0.732,-0.246,1.022
K144I,-0.157,0.197,1.369
K144*,-1.934,-0.643,-0.511
K144Q,0.863,-2.2030000000000003,2.201
K144N,0.561,-0.176,-0.768
K144E,0.387,-0.513,-1.195
I145V,-1.213,0.395,0.878
I145L,4.603,0.828,-0.211
I145T,0.041,0.101,0.5660000000000001
I145S,2.404,0.513,-1.534
I145N,-1.241,0.364,-0.936
I145F,-4.28,-2.31,-2.091
I145M,1.212,0.262,1.4509999999999998
N146I,0.478,1.621,0.752
N146K,0.848,0.392,-0.365
N146D,0.695,0.799,1.151
N146H,4.704,2.427,-0.31
N146Y,2.354,1.005,0.191
N146T,0.44,-1.919,-2.59
N146S,1.228,0.804,1.136
T147I,1.666,-0.462,0.7120000000000001
T147S,-0.468,0.5329999999999999,0.069
T147N,3.559,1.274,1.43
T147A,0.433,0.016,0.706
K148R,0.6559999999999999,0.224,0.875
K148N,-1.7480000000000002,-1.829,-1.925
K148T,-1.7080000000000002,3.182,1.987
K148M,-2.479,-0.846,-2.414
K148E,0.318,0.055,0.59
K148Q,-2.249,1.311,1.52
K148*,-0.221,2.672,-0.483
H149N,0.103,0.443,0.1159999999999999
H149D,-1.3019999999999998,0.256,0.092
H149R,-1.42,-0.675,-1.293
H149Q,1.3259999999999998,-3.044,-1.5519999999999998
H149L,-1.242,-1.25,-2.012
H149Y,-0.47,-2.24,-1.993
H149P,-0.631,-5.617999999999999,-1.704
L150R,-1.163,-1.172,-0.547
L150Q,-0.902,-1.361,-1.554
L150M,0.109,0.515,1.081
L150P,-1.26,-0.58,-0.619
L150V,1.288,2.109,1.122
P151R,-1.038,-1.963,-0.248
P151T,0.058,0.161,0.3879999999999999
P151S,-1.033,-0.362,-0.016
P151Q,-1.645,-0.5379999999999999,-2.3080000000000003
P151A,-4.544,-1.904,-1.642
P151L,-2.173,-1.803,-1.575
S152L,-1.236,-1.035,-1.062
S152A,0.084,1.261,1.435
S152*,-1.336,-1.584,-1.056
S152T,-2.3480000000000003,-1.807,-3.028
S152P,-0.506,-0.071,-0.344
T153S,-1.246,-0.424,0.621
T153I,0.55,0.251,0.326
T153P,,,
T153A,-1.199,-0.875,-0.63
T153N,0.078,1.1840000000000002,0.465
C154S,-1.224,-0.276,-0.871
C154R,-0.163,0.104,-0.155
C154Y,-1.332,-1.035,-0.929
C154G,-0.636,-2.675,0.7
C154W,-2.761,-1.938,-2.719
C154F,0.918,1.181,1.2009999999999998
C154*,-1.22,-0.452,-1.087
R155C,-0.916,0.142,-0.484
R155S,-0.025,0.039,0.483
R155P,0.547,1.098,2.681
R155L,0.994,0.176,0.406
R155H,-0.439,-0.013,0.075
R155G,-0.485,-0.7709999999999999,-0.937
D156Y,-0.219,0.594,-0.66
D156H,-2.5980000000000003,1.028,0.736
D156G,-3.149,-2.204,-2.904
D156V,0.6559999999999999,0.7979999999999999,1.283
D156E,0.288,-0.157,-1.565
D156N,-0.115,-0.165,-0.934
D157Y,1.37,1.477,1.293
D157G,0.288,0.547,0.456
D157E,-0.031,-0.256,-0.5720000000000001
D157H,0.893,-0.095,1.122
D157A,,,
D157V,1.992,0.32,2.289
D157N,1.308,1.057,1.586
S158*,0.174,-0.797,-0.76
S158A,-0.085,0.299,0.44
S158L,-0.049,0.795,-0.045
S158P,1.296,-0.07,-0.065
S158T,-1.132,-0.97,-1.4680000000000002
S159A,0.044,-0.179,-0.804
S159C,0.747,-0.349,0.8059999999999999
S159F,-0.444,-0.984,0.772
S159Y,0.016,-0.118,1.638
S159T,-1.297,0.247,-0.499
S159P,-0.053,-0.204,0.157
A160P,1.189,0.93,1.347
A160S,0.632,1.295,0.81
A160G,0.353,0.062,0.0279999999999999
A160V,0.701,-0.042,0.283
A160D,0.542,0.507,0.4479999999999999
A160T,-0.097,0.133,1.058
S161I,1.7080000000000002,0.079,1.472
S161C,-2.344,-2.09,-1.6969999999999998
S161R,2.763,3.58,-0.344
S161N,0.39,0.445,0.69
S161T,-1.955,-2.832,-1.969
S161G,-0.116,0.539,0.345
